issn,source_name,impact_2yr_mean_citedness,h_index,i10_index,works_count,is_in_doaj
0006-4971,Blood,1.339,639,54004,197739,False
1528-0020,Blood,1.339,639,54004,197739,False
0013-936X,Environmental Science & Technology,10.351,588,41905,70450,False
1520-5851,Environmental Science & Technology,10.351,588,41905,70450,False
0027-0644,Monthly Weather Review,1.704,319,8841,41885,False
1520-0493,Monthly Weather Review,1.704,319,8841,41885,False
0018-5345,HortScience,1.097,146,8164,31831,True
2327-9834,HortScience,1.097,146,8164,31831,True
0022-1694,Journal of Hydrology,6.953,362,20075,29581,False
1879-2707,Journal of Hydrology,6.953,362,20075,29581,False
0002-1962,Agronomy Journal,1.743,236,11659,25575,False
1072-9623,Agronomy Journal,1.743,236,11659,25575,False
1435-0645,Agronomy Journal,1.743,236,11659,25575,False
0003-0007,Bulletin of the American Meteorological Society,4.936,315,3849,25510,False
1520-0477,Bulletin of the American Meteorological Society,4.936,315,3849,25510,False
0028-646X,New Phytologist,7.107,414,16680,23610,False
1469-8137,New Phytologist,7.107,414,16680,23610,False
0022-4928,Journal of the Atmospheric Sciences,1.548,336,10407,14038,False
1520-0469,Journal of the Atmospheric Sciences,1.548,336,10407,14038,False
0034-4257,Remote Sensing of Environment,10.401,455,9655,11953,False
1879-0704,Remote Sensing of Environment,10.401,455,9655,11953,False
0021-8596,The Journal of Agricultural Science,1.899,155,5474,11635,False
1469-5146,The Journal of Agricultural Science,1.899,155,5474,11635,False
0001-2351,Transactions of the ASAE,0.0,148,4896,11541,False
2151-0059,Transactions of the ASAE,0.0,148,4896,11541,False
0024-9602,Madras Agricultural Journal,0.198,22,129,9623,True
2582-5321,Madras Agricultural Journal,0.198,22,129,9623,True
0021-8952,Journal of applied meteorology,0.0,216,3799,6229,False
0894-8763,Journal of applied meteorology,0.0,216,3799,6229,False
1520-0450,Journal of applied meteorology,0.0,216,3799,6229,False
2163-534X,Journal of applied meteorology,0.0,216,3799,6229,False
0001-3765,Anais da Academia Brasileira de Ciências,1.246,94,2075,6147,True
1678-2690,Anais da Academia Brasileira de Ciências,1.246,94,2075,6147,True
0012-9623,Bulletin of the Ecological Society of America,0.3,42,222,5557,False
2327-6096,Bulletin of the Ecological Society of America,0.3,42,222,5557,False
0021-8588,Journal of Agricultural Meteorology,0.825,40,342,3396,False
1881-0136,Journal of Agricultural Meteorology,0.825,40,342,3396,False
0029-1277,Hydrology research,3.344,79,1375,2443,True
1996-9694,Hydrology research,3.344,79,1375,2443,True
1998-9563,Hydrology research,3.344,79,1375,2443,True
2224-7955,Hydrology research,3.344,79,1375,2443,True
0030-9877,Pakistan Journal of Science,0.181,13,20,845,False
2411-0930,Pakistan Journal of Science,0.181,13,20,845,False
0031-7454,The Philippine Agricultural Scientist,1.375,11,20,714,False
1655-9711,The Philippine Agricultural Scientist,1.375,11,20,714,False
3082-5547,The Philippine Agricultural Scientist,1.375,11,20,714,False
0022-457X,Journal of Soil and Water Conservation,0.083,13,21,550,False
2455-7145,Journal of Soil and Water Conservation,0.083,13,21,550,False
0024-4503,Journal of Applied Research in Geographicalnces,0.0,0,0,30,False
0094-243X,AIP conference proceedings,0.462,126,14983,281674,False
1551-7616,AIP conference proceedings,0.462,126,14983,281674,False
1935-0465,AIP conference proceedings,0.462,126,14983,281674,False
0048-9697,The Science of The Total Environment,11.026,490,64535,83945,False
1879-1026,The Science of The Total Environment,11.026,490,64535,83945,False
0065-0668,Academy of Management Proceedings,0.051,88,1707,69793,False
2151-6561,Academy of Management Proceedings,0.051,88,1707,69793,False
2376-7197,Academy of Management Proceedings,0.051,88,1707,69793,False
0094-8276,Geophysical Research Letters,4.331,429,40573,53137,True
1944-8007,Geophysical Research Letters,4.331,429,40573,53137,True
0043-1397,Water Resources Research,6.433,424,17444,23401,True
1944-7973,Water Resources Research,6.433,424,17444,23401,True
0043-1656,Weather,0.764,76,983,13233,False
1477-8696,Weather,0.764,76,983,13233,False
0045-5067,Canadian Journal of Forest Research,1.764,193,8085,11736,False
1208-6037,Canadian Journal of Forest Research,1.764,193,8085,11736,False
0100-204X,Pesquisa Agropecuária Brasileira,0.556,80,3208,8472,True
1678-3921,Pesquisa Agropecuária Brasileira,0.556,80,3208,8472,True
0070-8356,Ecological studies,3.102,176,2658,4681,False
2196-971X,Ecological studies,3.102,176,2658,4681,False
0041-994X,The Journal of Agriculture of the University of Puerto Rico,0.045,24,157,3735,False
2308-1759,The Journal of Agriculture of the University of Puerto Rico,0.045,24,157,3735,False
0097-8078,Water Resources,0.889,35,490,2797,False
1608-344X,Water Resources,0.889,35,490,2797,False
0100-6916,Engenharia Agrícola,1.196,42,816,2579,True
1808-4389,Engenharia Agrícola,1.196,42,816,2579,True
1809-4430,Engenharia Agrícola,1.196,42,816,2579,True
0035-919X,Transactions of the Royal Society of South Africa,0.848,58,562,2390,False
2154-0098,Transactions of the Royal Society of South Africa,0.848,58,562,2390,False
0045-6888,Ciência Agronômica/Revista ciência agronômica,0.833,43,636,1619,True
1806-6690,Ciência Agronômica/Revista ciência agronômica,0.833,43,636,1619,True
1982-9329,Ciência Agronômica/Revista ciência agronômica,0.833,43,636,1619,True
0103-1570,Sociedade & natureza,0.461,24,144,1437,True
1982-4513,Sociedade & natureza,0.461,24,144,1437,True
0041-3917,Műszaki könyvtárosok tájékoztatója/Tudományos és műszaki tájékoztatás,0.0,3,1,1116,False
0200-3066,Műszaki könyvtárosok tájékoztatója/Tudományos és műszaki tájékoztatás,0.0,3,1,1116,False
1586-2984,Műszaki könyvtárosok tájékoztatója/Tudományos és műszaki tájékoztatás,0.0,3,1,1116,False
0079-1946,Physics and Chemistry of the Earth,0.0,69,414,1010,False
1879-3568,Physics and Chemistry of the Earth,0.0,69,414,1010,False
0103-8427,Caderno de Geografia,0.143,13,19,972,True
2175-3040,Caderno de Geografia,0.143,13,19,972,True
2318-2962,Caderno de Geografia,0.143,13,19,972,True
0102-7786,Revista Brasileira de Meteorologia,0.878,35,316,947,True
1982-4351,Revista Brasileira de Meteorologia,0.878,35,316,947,True
0042-790X,Journal of Hydrology and Hydromechanics,2.467,45,357,669,True
1338-4333,Journal of Hydrology and Hydromechanics,2.467,45,357,669,True
0130-2906,Meteorologiya i Gidrologiya,0.064,6,1,633,False
0044-7250,Alexandria Journal of Agricultural Research,0.0,10,11,389,True
0119-7312,Philippine Journal of Agricultural and Biosystems Engineering,0.444,3,0,116,False
3082-3447,Philippine Journal of Agricultural and Biosystems Engineering,0.444,3,0,116,False
0148-0227,Journal of Geophysical Research Atmospheres,2.983,663,77108,99017,False
2156-2202,Journal of Geophysical Research Atmospheres,2.983,663,77108,99017,False
2169-897X,Journal of Geophysical Research Atmospheres,2.983,663,77108,99017,False
2169-8996,Journal of Geophysical Research Atmospheres,2.983,663,77108,99017,False
0196-1497,Antarctica A Keystone in a Changing World,1.203,144,4234,37023,False
2331-1258,Antarctica A Keystone in a Changing World,1.203,144,4234,37023,False
2332-4899,Antarctica A Keystone in a Changing World,1.203,144,4234,37023,False
0273-1177,Advances in Space Research,2.847,151,9726,27674,False
1879-1948,Advances in Space Research,2.847,151,9726,27674,False
0196-2892,IEEE Transactions on Geoscience and Remote Sensing,6.196,382,15618,27101,False
1558-0644,IEEE Transactions on Geoscience and Remote Sensing,6.196,382,15618,27101,False
0167-6369,Environmental Monitoring and Assessment,4.033,182,11621,19771,False
1573-2959,Environmental Monitoring and Assessment,4.033,182,11621,19771,False
0143-1161,International Journal of Remote Sensing,2.559,267,8954,14899,False
1366-5901,International Journal of Remote Sensing,2.559,267,8954,14899,False
0168-1699,Computers and Electronics in Agriculture,9.67,221,7208,11026,False
1872-7107,Computers and Electronics in Agriculture,9.67,221,7208,11026,False
0168-1923,Agricultural and Forest Meteorology,5.426,257,6346,9790,False
1873-2240,Agricultural and Forest Meteorology,5.426,257,6346,9790,False
0177-798X,Theoretical and Applied Climatology,2.742,154,4479,8552,False
1434-4483,Theoretical and Applied Climatology,2.742,154,4479,8552,False
0252-9416,MAUSAM,0.897,42,463,6066,False
0262-6667,Hydrological Sciences Journal,2.866,151,2831,5104,False
2150-3435,Hydrological Sciences Journal,2.866,151,2831,5104,False
0253-4126,Journal of Earth System Science,2.209,88,1712,4138,False
0973-774X,Journal of Earth System Science,2.209,88,1712,4138,False
2347-4327,Journal of Earth System Science,2.209,88,1712,4138,False
0256-1530,Advances in Atmospheric Sciences,4.159,108,1873,4054,False
1861-9533,Advances in Atmospheric Sciences,4.159,108,1873,4054,False
0250-5371,Legume Research - An International Journal,0.545,29,377,3628,False
0976-0571,Legume Research - An International Journal,0.545,29,377,3628,False
0250-541X,National Academy Science Letters,0.69,37,336,2521,False
2250-1754,National Academy Science Letters,0.69,37,336,2521,False
0144-7815,IAHS-AISH publication,0.0,36,301,2071,False
0253-150X,Agricultural Science Digest - A Research Journal,0.269,14,44,1878,False
0976-0547,Agricultural Science Digest - A Research Journal,0.269,14,44,1878,False
0169-3298,Surveys in Geophysics,5.223,131,1008,1644,False
1573-0956,Surveys in Geophysics,5.223,131,1008,1644,False
0253-1496,Agricultural Reviews,0.697,37,271,1355,False
0976-0741,Agricultural Reviews,0.697,37,271,1355,False
0256-6524,Journal of Agricultural Engineering (India),0.832,14,53,1236,False
0976-2418,Journal of Agricultural Engineering (India),0.832,14,53,1236,False
0216-3365,Buletin Keteknikan Pertanian,0.0,5,1,186,False
0239-1260,GEORGIKON FOR AGRICULTURE,0.13,1,0,23,False
0424-7086,Medical Entomology and Zoology,0.804,1088,154031,1887360,False
2185-5609,Medical Entomology and Zoology,0.804,1088,154031,1887360,False
0277-786X,"Proceedings of SPIE, the International Society for Optical Engineering/Proceedings of SPIE",0.0,236,45269,436477,False
1996-756X,"Proceedings of SPIE, the International Society for Optical Engineering/Proceedings of SPIE",0.0,236,45269,436477,False
0517-6611,Anhui nongye kexue,0.0,11,16,49032,False
0378-1127,Forest Ecology and Management,3.336,268,14887,20454,False
1872-7042,Forest Ecology and Management,3.336,268,14887,20454,False
0304-4238,Scientia Horticulturae,4.602,190,11151,16755,True
1879-1018,Scientia Horticulturae,4.602,190,11151,16755,True
0341-8162,CATENA,5.314,208,7071,10824,False
1872-6887,CATENA,5.314,208,7071,10824,False
0378-3774,Agricultural Water Management,6.709,211,7251,10416,True
1873-2283,Agricultural Water Management,6.709,211,7251,10416,True
0439-8114,Hubei nongye kexue,0.0,7,4,10058,False
0343-2521,GeoJournal,3.049,113,2227,6521,False
1572-9893,GeoJournal,3.049,113,2227,6521,False
0280-6495,Tellus A Dynamic Meteorology and Oceanography,1.941,159,2866,5717,True
1600-0870,Tellus A Dynamic Meteorology and Oceanography,1.941,159,2866,5717,True
0303-2434,International Journal of Applied Earth Observation and Geoinformation,4.914,168,3431,5590,True
1569-8432,International Journal of Applied Earth Observation and Geoinformation,4.914,168,3431,5590,True
1872-826X,International Journal of Applied Earth Observation and Geoinformation,4.914,168,3431,5590,True
0365-0340,Archives of Agronomy and Soil Science,2.73,79,1373,3812,True
1476-3567,Archives of Agronomy and Soil Science,2.73,79,1373,3812,True
0277-5212,Wetlands,2.142,126,2389,3671,False
1943-6246,Wetlands,2.142,126,2389,3671,False
0378-4738,Water SA,0.967,84,1294,2294,True
1816-7950,Water SA,0.967,84,1294,2294,True
0366-0176,BOLETÍN GEOLÓGICO Y MINERO,0.082,23,116,2010,False
2253-6167,BOLETÍN GEOLÓGICO Y MINERO,0.082,23,116,2010,False
0331-8443,Nigerian Journal of Technology,0.795,26,254,1916,True
2467-8821,Nigerian Journal of Technology,0.795,26,254,1916,True
0304-5250,Indian Journal of Ecology,0.161,14,30,1870,False
3139-2725,Indian Journal of Ecology,0.161,14,30,1870,False
0342-7188,Irrigation Science,3.098,105,1177,1761,False
1432-1319,Irrigation Science,3.098,105,1177,1761,False
0350-2465,Journal of the Croatian Association of Civil Engineers,0.42,27,141,1257,True
1333-9095,Journal of the Croatian Association of Civil Engineers,0.42,27,141,1257,True
1849-1898,Journal of the Croatian Association of Civil Engineers,0.42,27,141,1257,True
0369-8203,Proceedings of the National Academy of Sciences India Section A Physical Sciences,0.596,34,198,1140,False
2250-1762,Proceedings of the National Academy of Sciences India Section A Physical Sciences,0.596,34,198,1140,False
0300-5402,AUC GEOGRAPHICA,0.951,18,48,335,True
2336-1980,AUC GEOGRAPHICA,0.951,18,48,335,True
0944-1344,Environmental Science and Pollution Research,5.773,265,32090,48873,False
1614-7499,Environmental Science and Pollution Research,5.773,265,32090,48873,False
0735-6757,The American Journal of Emergency Medicine,2.094,148,7292,18821,False
1532-8171,The American Journal of Emergency Medicine,2.094,148,7292,18821,False
0894-8755,Journal of Climate,2.476,418,11262,14036,False
1520-0442,Journal of Climate,2.476,418,11262,14036,False
0885-6087,Hydrological Processes,2.588,231,7418,11401,False
1099-1085,Hydrological Processes,2.588,231,7418,11401,False
0886-7798,Tunnelling and Underground Space Technology,7.396,172,5044,9920,False
1878-4364,Tunnelling and Underground Space Technology,7.396,172,5044,9920,False
0899-8418,International Journal of Climatology,2.741,244,6038,9736,False
1097-0088,International Journal of Climatology,2.741,244,6038,9736,False
0930-7575,Climate Dynamics,2.732,245,6698,9324,False
1432-0894,Climate Dynamics,2.732,245,6698,9324,False
0920-4741,Water Resources Management,5.205,157,4305,6505,False
1573-1650,Water Resources Management,5.205,157,4305,6505,False
0924-2716,ISPRS Journal of Photogrammetry and Remote Sensing,9.162,232,3291,5028,False
1872-8235,ISPRS Journal of Photogrammetry and Remote Sensing,9.162,232,3291,5028,False
0733-9437,Journal of Irrigation and Drainage Engineering,1.207,109,1830,4332,False
1943-4774,Journal of Irrigation and Drainage Engineering,1.207,109,1830,4332,False
0883-8542,Applied Engineering in Agriculture,1.191,73,1402,3903,False
1943-7838,Applied Engineering in Agriculture,1.191,73,1402,3903,False
0916-7374,PROCEEDINGS OF HYDRAULIC ENGINEERING,0.0,22,89,3684,False
1880-8751,PROCEEDINGS OF HYDRAULIC ENGINEERING,0.0,22,89,3684,False
1884-9172,PROCEEDINGS OF HYDRAULIC ENGINEERING,0.0,22,89,3684,False
0953-7287,Production Planning & Control,6.477,137,2003,3256,False
1366-5871,Production Planning & Control,6.477,137,2003,3256,False
0921-092X,Water science and technology library,1.543,73,448,2783,False
1872-4663,Water science and technology library,1.543,73,448,2783,False
0820-0750,Microcomputer applications,0.0,6,3,2107,False
0705-5900,ATMOSPHERE-OCEAN,1.102,89,733,1433,False
1480-9214,ATMOSPHERE-OCEAN,1.102,89,733,1433,False
1488-7576,ATMOSPHERE-OCEAN,1.102,89,733,1433,False
0970-0420,Environment and Ecology,0.597,9,7,775,False
3049-3625,Environment and Ecology,0.597,9,7,775,False
0854-1922,EFEKTOR,0.156,8,7,212,False
2355-956X,EFEKTOR,0.156,8,7,212,False
0974-5645,Indian Journal of Science and Technology,0.851,65,2184,16440,False
0974-6846,Indian Journal of Science and Technology,0.851,65,2184,16440,False
1000-0933,Acta Ecologica Sinica,0.0,38,1016,9022,False
1000-0054,Journal of Tsinghua University(Science and Technology),0.0,23,154,8191,False
0972-5210,PLANT ARCHIVES,0.164,21,113,6139,False
2581-6063,PLANT ARCHIVES,0.164,21,113,6139,False
1000-3037,自然资源学报,1.233,36,519,4103,True
0971-765X,Ecology Environment and Conservation,0.144,9,6,3596,False
1000-1700,Shenyang Nongye Daxue xuebao,0.0,11,14,3520,True
1001-070X,Guotu ziyuan yaogan,0.0,13,35,3190,False
1000-7601,Ganhan diqu nongye yanjiu,0.0,10,14,3174,False
1000-7857,Keji daobao,0.0,14,22,3126,False
0974-9411,Journal of Applied and Natural Science,0.553,35,406,3065,False
2231-5209,Journal of Applied and Natural Science,0.553,35,406,3065,False
1000-0534,Gaoyuan qixiang,0.0,21,120,3047,True
1000-694X,Zhongguo shamo,0.0,20,113,2570,False
0976-3988,International Journal of Bio-resource and Stress Management,0.363,22,103,1856,True
0976-4038,International Journal of Bio-resource and Stress Management,0.363,22,103,1856,True
0972-3099,Environment Conservation Journal,0.729,15,50,1829,True
2278-5124,Environment Conservation Journal,0.729,15,50,1829,True
0976-1233,Annals of biological research,0.0,30,262,1818,False
1001-4675,Arid Zone Research,0.0,13,38,1816,False
0973-1520,AGRICULTURE UPDATE,0.0,10,12,1792,False
0976-6847,AGRICULTURE UPDATE,0.0,10,12,1792,False
0972-1665,Journal of Agrometeorology,1.078,22,187,1758,True
2583-2980,Journal of Agrometeorology,1.078,22,187,1758,True
1000-3665,Shuiwen dizhi gongcheng dizhi,0.0,13,25,1755,True
1000-6060,Ganhanqu dili,0.0,13,33,1635,False
0974-1712,International Journal of Agriculture Environment and Biotechnology,0.198,25,128,1328,False
2230-732X,International Journal of Agriculture Environment and Biotechnology,0.198,25,128,1328,False
1000-6362,Zhongguo nongye qixiang,0.0,9,7,1025,False
0974-2662,INTERNATIONAL JOURNAL OF AGRICULTURAL ENGINEERING,0.0,11,12,846,False
0976-7223,INTERNATIONAL JOURNAL OF AGRICULTURAL ENGINEERING,0.0,11,12,846,False
0970-3349,Indian Journal of Soil Conservation,0.647,14,30,661,False
0976-1721,Indian Journal of Soil Conservation,0.647,14,30,661,False
0971-2062,Indian Journal of Dryland Agricultural Research and Development,0.25,12,20,611,False
2231-6701,Indian Journal of Dryland Agricultural Research and Development,0.25,12,20,611,False
1022-6680,Advanced materials research,4.296,62,4299,149651,False
1662-8985,Advanced materials research,4.296,62,4299,149651,False
1078-0475,ISEE Conference Abstracts,0.09,22,70,15769,False
2169-2181,ISEE Conference Abstracts,0.09,22,70,15769,False
1040-6182,Quaternary International,1.525,155,7123,13669,False
1873-4553,Quaternary International,1.525,155,7123,13669,False
1007-4619,National Remote Sensing Bulletin,0.722,39,587,6501,False
2095-9494,National Remote Sensing Bulletin,0.722,39,587,6501,False
1027-5606,Hydrology and earth system sciences,6.596,229,4975,6206,True
1607-7938,Hydrology and earth system sciences,6.596,229,4975,6206,True
1003-515X,Testowy IndexCopernicus,0.0,8,5,5214,False
1007-7588,资源科学,0.53,28,289,4910,True
1005-3409,Shuitu baochi yanjiu,0.0,10,14,4401,True
1009-2307,Cehui kexue,0.0,11,17,4380,False
1003-7578,Ganhanqu ziyuan yu huanjing,0.0,12,30,4319,False
1007-6301,地理科学进展,0.995,31,411,3871,False
1084-0699,Journal of Hydrologic Engineering,2.425,123,1900,3591,False
1943-5584,Journal of Hydrologic Engineering,2.425,123,1900,3591,False
1010-6049,Geocarto International,3.63,97,1575,3481,True
1752-0762,Geocarto International,3.63,97,1575,3481,True
1009-637X,Journal of Geographical Sciences,5.258,99,1491,2381,False
1861-9568,Journal of Geographical Sciences,5.258,99,1491,2381,False
1004-8227,Changjiang liuyu ziyuan yu huanjing,0.0,16,47,2371,False
1004-0323,Yaogan jishu yu yingyong,0.0,16,58,2200,True
1023-5809,Nonlinear processes in geophysics,2.36,84,974,1622,True
1607-7946,Nonlinear processes in geophysics,2.36,84,974,1622,True
1007-4929,Jieshui guan'gai,0.0,5,0,1389,True
1059-9053,Journal of natural resources and life sciences education,0.0,25,111,836,False
1539-1582,Journal of natural resources and life sciences education,0.0,25,111,836,False
1028-6608,Civil Engineering and Environmental Systems,1.463,46,238,610,False
1029-0249,Civil Engineering and Environmental Systems,1.463,46,238,610,False
1424-8220,Sensors,4.879,333,42076,80270,True
1314-2704,International Multidisciplinary Scientific GeoConference SGEM ...,0.186,23,272,16943,False
1354-1013,Global Change Biology,10.008,402,7896,9847,False
1365-2486,Global Change Biology,10.008,402,7896,9847,False
1093-474X,JAWRA Journal of the American Water Resources Association,1.938,165,3310,8613,False
1752-1688,JAWRA Journal of the American Water Resources Association,1.938,165,3310,8613,False
1230-1485,Polish Journal of Environmental Studies,1.528,73,2252,7422,False
2083-5906,Polish Journal of Environmental Studies,1.528,73,2252,7422,False
1364-8152,Environmental Modelling & Software,4.758,211,3987,5947,False
1873-6726,Environmental Modelling & Software,4.758,211,3987,5947,False
1415-4366,Revista Brasileira de Engenharia Agrícola e Ambiental,1.324,58,1676,3655,True
1807-1929,Revista Brasileira de Engenharia Agrícola e Ambiental,1.324,58,1676,3655,True
1088-1913,Environmental Quality Management,3.192,47,413,2620,False
1520-6483,Environmental Quality Management,3.192,47,413,2620,False
1112-9867,Journal of Fundamental and Applied Sciences,0.0,25,140,2517,True
1099-095X,Environmetrics,1.081,87,914,2476,False
1180-4009,Environmetrics,1.081,87,914,2476,False
1226-6280,Journal of Korea Water Resources Association,0.0,20,144,2392,False
2287-6138,Journal of Korea Water Resources Association,0.0,20,144,2392,False
1350-4827,Meteorological Applications,1.941,94,1048,2152,True
1469-8080,Meteorological Applications,1.941,94,1048,2152,True
1413-7895,Irriga,0.081,23,161,1988,False
1808-3765,Irriga,0.081,23,161,1988,False
1808-8546,Irriga,0.081,23,161,1988,False
1110-0826,Journal of Environmental Science,0.046,7,1,1949,True
2636-3178,Journal of Environmental Science,0.046,7,1,1949,True
1420-2026,Environmental Modeling & Assessment,2.428,74,691,1402,False
1573-2967,Environmental Modeling & Assessment,2.428,74,691,1402,False
1414-3984,Revista Engenharia na Agricultura - REVENG,0.409,12,34,1307,True
2175-6813,Revista Engenharia na Agricultura - REVENG,0.409,12,34,1307,True
1226-9719,Journal of the Korean Association of Geographic Information Studies,0.0,13,30,1124,False
1975-3004,Journal of the Korean Association of Geographic Information Studies,0.0,13,30,1124,False
2287-6952,Journal of the Korean Association of Geographic Information Studies,0.0,13,30,1124,False
1110-9823,The Egyptian Journal of Remote Sensing and Space Science,3.805,73,435,808,True
2090-2476,The Egyptian Journal of Remote Sensing and Space Science,3.805,73,435,808,True
1392-1649,Environmental Research Engineering and Management,1.009,27,128,655,False
2029-2139,Environmental Research Engineering and Management,1.009,27,128,655,False
1229-5671,Korean Journal of Agricultural and Forest Meteorology,0.0,17,63,614,False
2288-1859,Korean Journal of Agricultural and Forest Meteorology,0.0,17,63,614,False
1324-1583,Australasian Journal of Water Resources,1.886,35,153,526,False
2204-227X,Australasian Journal of Water Resources,1.886,35,153,526,False
1411-948X,JIANA ( Jurnal Ilmu Administrasi Negara ),0.057,12,16,479,True
2714-5581,JIANA ( Jurnal Ilmu Administrasi Negara ),0.057,12,16,479,True
1087-3562,Earth Interactions,1.375,67,304,464,False
1411-3082,Jurnal Meteorologi dan Geofisika,0.472,17,34,353,False
2527-5372,Jurnal Meteorologi dan Geofisika,0.472,17,34,353,False
1110-4929,Water Science,2.029,34,109,328,True
2357-0008,Water Science,2.029,34,109,328,True
1316-7081,Ciencia e Ingeniería,0.0,4,2,319,True
2244-8780,Ciencia e Ingeniería,0.0,4,2,319,True
2389-9484,Ciencia e Ingeniería,0.0,4,2,319,True
1308-9773,TÜRK COĞRAFYA DERGİSİ,0.818,14,46,285,False
1302-5856,TÜRK COĞRAFYA DERGİSİ,0.818,14,46,285,False
1412-3576,Jurnal Teknik Sipil,0.184,4,2,276,False
2621-8429,Jurnal Teknik Sipil,0.184,4,2,276,False
1394-9829,Simulating the effects of changing planting date towards rice production in MADA area Malaysia,0.0,17,52,244,False
2289-9650,Simulating the effects of changing planting date towards rice production in MADA area Malaysia,0.0,17,52,244,False
1556-5068,SSRN Electronic Journal,0.207,452,110551,1645742,False
1551-3440,The Mathematics Enthusiast,0.005,44,357,81008,False
1470-160X,Ecological Indicators,8.865,242,10975,15209,True
1872-7034,Ecological Indicators,8.865,242,10975,15209,True
1545-598X,IEEE Geoscience and Remote Sensing Letters,3.539,177,5857,11750,False
1558-0571,IEEE Geoscience and Remote Sensing Letters,3.539,177,5857,11750,False
1589-1623,Applied Ecology and Environmental Research,1.556,59,1097,5456,False
1785-0037,Applied Ecology and Environmental Research,1.556,59,1097,5456,False
1606-9749,Water Science & Technology Water Supply,2.839,65,1715,4980,False
1607-0798,Water Science & Technology Water Supply,2.839,65,1715,4980,False
1561-8633,Natural hazards and earth system sciences,5.275,164,3413,4618,True
1684-9981,Natural hazards and earth system sciences,5.275,164,3413,4618,True
1574-9541,Ecological Informatics,7.546,112,2042,3873,True
1878-0512,Ecological Informatics,7.546,112,2042,3873,True
1436-3240,Stochastic Environmental Research and Risk Assessment,3.997,108,2178,3772,False
1436-3259,Stochastic Environmental Research and Risk Assessment,3.997,108,2178,3772,False
1558-8424,Journal of Applied Meteorology and Climatology,1.248,143,2194,3180,False
1558-8432,Journal of Applied Meteorology and Climatology,1.248,143,2194,3180,False
1525-7541,Journal of Hydrometeorology,1.964,186,2324,3081,False
1525-755X,Journal of Hydrometeorology,1.964,186,2324,3081,False
1531-0353,Irrigation and Drainage,1.66,61,942,2897,False
1531-0361,Irrigation and Drainage,1.66,61,942,2897,False
1560-8999,Geo-information Science,0.0,19,61,1758,False
1464-7141,Journal of Hydroinformatics,4.553,76,929,1746,True
1465-1734,Journal of Hydroinformatics,4.553,76,929,1746,True
1573-062X,Urban Water Journal,1.534,73,761,1534,False
1744-9006,Urban Water Journal,1.534,73,761,1534,False
1429-7426,Journal of Water and Land Development,1.081,34,286,1312,True
2083-4535,Journal of Water and Land Development,1.081,34,286,1312,True
1611-2490,Paddy and Water Environment,2.7,58,572,1148,False
1611-2504,Paddy and Water Environment,2.7,58,572,1148,False
1532-4982,Arid Land Research and Management,1.527,48,428,830,False
1532-4990,Arid Land Research and Management,1.527,48,428,830,False
1517-591X,Revista de Ciências Agrarias - Amazon Journal of Agricultural and Environmental Sciences,0.0,19,71,521,False
2177-8760,Revista de Ciências Agrarias - Amazon Journal of Agricultural and Environmental Sciences,0.0,19,71,521,False
1598-3560,Atmosphere,0.0,12,26,258,False
2288-3266,Atmosphere,0.0,12,26,258,False
1597-9849,Nigerian Journal of Theoretical and Environmental Physics,0.211,2,0,92,False
3026-9601,Nigerian Journal of Theoretical and Environmental Physics,0.211,2,0,92,False
1742-6588,Journal of Physics Conference Series,0.475,133,19085,218382,False
1742-6596,Journal of Physics Conference Series,0.475,133,19085,218382,False
1660-9336,Applied Mechanics and Materials,8.876,57,3009,115388,False
1662-7482,Applied Mechanics and Materials,8.876,57,3009,115388,False
2297-8941,Applied Mechanics and Materials,8.876,57,3009,115388,False
1682-1750,"The international archives of the photogrammetry, remote sensing and spatial information sciences/International archives of the photogrammetry, remote sensing and spatial information sciences",0.893,84,3036,16172,True
1682-1777,"The international archives of the photogrammetry, remote sensing and spatial information sciences/International archives of the photogrammetry, remote sensing and spatial information sciences",0.893,84,3036,16172,True
2194-9034,"The international archives of the photogrammetry, remote sensing and spatial information sciences/International archives of the photogrammetry, remote sensing and spatial information sciences",0.893,84,3036,16172,True
1680-7316,Atmospheric chemistry and physics,5.019,350,13153,15959,True
1680-7324,Atmospheric chemistry and physics,5.019,350,13153,15959,True
1748-9326,Environmental Research Letters,4.353,261,6752,10031,True
1726-4170,Biogeosciences,4.076,214,5226,6547,True
1726-4189,Biogeosciences,4.076,214,5226,6547,True
1672-9145,Acta Biochimica et Biophysica Sinica,2.55,90,1874,4031,True
1745-7270,Acta Biochimica et Biophysica Sinica,2.55,90,1874,4031,True
1687-725X,Journal of Sensors,2.007,85,1387,4012,False
1687-7268,Journal of Sensors,2.007,85,1387,4012,False
1745-5863,Geographical Research,2.189,65,824,3451,False
1745-5871,Geographical Research,2.189,65,824,3451,False
1641-7291,Geological Quarterly,0.361,43,506,3268,False
2082-5099,Geological Quarterly,0.361,43,506,3268,False
1751-231X,Water Practice & Technology,3.162,41,563,2701,False
1684-5358,African Journal of Food Agriculture Nutrition and Development,1.893,54,532,2468,True
1684-5374,African Journal of Food Agriculture Nutrition and Development,1.893,54,532,2468,True
1671-2552,Dizhi tongbao,0.0,34,277,1919,False
1679-9275,Acta Scientiarum Agronomy,0.55,44,675,1836,True
1807-8621,Acta Scientiarum Agronomy,0.55,44,675,1836,True
1640-4920,Inżynieria Mineralna,0.209,13,28,1787,False
1673-419X,Guoji shuxue ji xueyexue zazhi,0.0,2,0,1776,False
1687-9309,Advances in Meteorology,1.419,73,938,1669,True
1687-9317,Advances in Meteorology,1.419,73,938,1669,True
1674-2834,Atmospheric and Oceanic Science Letters,1.394,41,386,1506,True
2376-6123,Atmospheric and Oceanic Science Letters,1.394,41,386,1506,True
1687-384X,Misr journal of agricultural engineering,0.267,15,37,1228,False
2636-3062,Misr journal of agricultural engineering,0.267,15,37,1228,False
1738-3692,Journal of The Korean Society of Agricultural Engineers,0.0,15,45,1186,False
2093-7709,Journal of The Korean Society of Agricultural Engineers,0.0,15,45,1186,False
1678-6602,Nucleus,0.0,12,14,915,False
1982-2278,Nucleus,0.0,12,14,915,False
1687-8159,International Journal of Agronomy,1.737,48,344,869,True
1687-8167,International Journal of Agronomy,1.737,48,344,869,True
1674-2370,Water Science and Engineering,2.9,47,254,681,True
2405-8106,Water Science and Engineering,2.9,47,254,681,True
1693-1378,Equilibrium: Jurnal Ekonomi-Manajemen-Akuntansi,0.244,11,12,327,False
2598-9952,Equilibrium: Jurnal Ekonomi-Manajemen-Akuntansi,0.244,11,12,327,False
1735-0875,Taḥqīqāt-i marta̒ va biyābān-i Īrān/Taḥqīqāt-i marta̒ va biyābān-i Īrān,0.0,6,2,233,False
1691-5208,Scientific Journal of Riga Technical University Environmental and Climate Technologies,0.0,15,28,125,False
2255-8845,Scientific Journal of Riga Technical University Environmental and Climate Technologies,0.0,15,28,125,False
1755-1315,IOP Conference Series Earth and Environmental Science,0.563,76,7772,124692,False
1755-1307,IOP Conference Series Earth and Environmental Science,0.563,76,7772,124692,False
1757-8981,IOP Conference Series Materials Science and Engineering,0.642,94,11210,100275,False
1757-899X,IOP Conference Series Materials Science and Engineering,0.642,94,11210,100275,False
1857-7431,European Scientific Journal ESJ,0.354,54,857,12413,False
1857-7881,European Scientific Journal ESJ,0.354,54,857,12413,False
1866-7511,Arabian Journal of Geosciences,1.825,104,4727,12382,False
1866-7538,Arabian Journal of Geosciences,1.825,104,4727,12382,False
1863-5520,Environmental science and engineering,0.805,59,556,7911,False
1863-5539,Environmental science and engineering,0.805,59,556,7911,False
1916-9752,Journal of Agricultural Science,0.369,67,1058,4335,False
1916-9760,Journal of Agricultural Science,0.369,67,1058,4335,False
1931-3195,Journal of Applied Remote Sensing,1.321,77,1270,3664,False
1878-0296,Procedia Environmental Sciences,0.0,94,1737,3523,False
1835-2693,Australian Journal of Crop Science,0.601,66,1087,3245,False
1835-2707,Australian Journal of Crop Science,0.601,66,1087,3245,False
1866-3508,Earth system science data,10.348,169,1451,2307,True
1866-3516,Earth system science data,10.348,169,1451,2307,True
1814-9324,Climate of the past,3.121,131,1641,2186,True
1814-9332,Climate of the past,3.121,131,1641,2186,True
1753-8947,International Journal of Digital Earth,5.631,87,998,2096,True
1753-8955,International Journal of Digital Earth,5.631,87,998,2096,True
1758-2083,International Journal of Global Warming,0.525,36,198,1748,False
1758-2091,International Journal of Global Warming,0.525,36,198,1748,False
1812-0784,Ocean science,2.762,95,1033,1650,True
1812-0792,Ocean science,2.762,95,1033,1650,True
1813-162X,Tikrit Journal of Engineering Sciences,1.532,18,83,1371,True
2312-7589,Tikrit Journal of Engineering Sciences,1.532,18,83,1371,True
1866-928X,Applied Geomatics,1.759,45,278,768,False
1866-9298,Applied Geomatics,1.759,45,278,768,False
1809-6875,Coffee Science,0.548,18,74,667,False
1984-3909,Coffee Science,0.548,18,74,667,False
1821-536X,Tanzania Journal of Engineering and Technology,0.494,10,10,652,False
2619-8789,Tanzania Journal of Engineering and Technology,0.494,10,10,652,False
1808-4524,Revista Brasileira de Ciências Ambientais,0.8,15,31,596,True
2176-9478,Revista Brasileira de Ciências Ambientais,0.8,15,31,596,True
1829-1759,Proceedings of the YSU C Geological and Geographical Sciences,0.027,2,0,590,False
2953-7991,Proceedings of the YSU C Geological and Geographical Sciences,0.027,2,0,590,False
1801-5395,Soil and Water Research,2.542,41,254,579,True
1805-9384,Soil and Water Research,2.542,41,254,579,True
1843-5971,Present Environment and Sustainable Development,0.827,16,30,530,True
2284-7820,Present Environment and Sustainable Development,0.827,16,30,530,True
1794-6190,Earth Sciences Research Journal,1.653,23,85,523,True
2339-3459,Earth Sciences Research Journal,1.653,23,85,523,True
1817-0641,International Turfgrass Society research journal,0.347,11,18,450,False
2573-1513,International Turfgrass Society research journal,0.347,11,18,450,False
1882-3416,Hydrological Research Letters,0.805,31,136,366,True
1803-2427,Journal of Landscape Ecology,1.894,27,108,359,True
1805-4196,Journal of Landscape Ecology,1.894,27,108,359,True
1816-0573,Cameroon Journal of Experimental Biology,0.17,12,16,231,False
1810-3979,Pakistan journal of meteorology,0.0,21,46,115,False
1907-5545,Jurnal Irigasi,0.0,10,13,108,False
2615-4277,Jurnal Irigasi,0.0,10,13,108,False
1932-6203,PLoS ONE,2.962,600,234327,342187,True
2045-2322,Scientific Reports,4.692,461,167519,305418,True
2041-1723,Nature Communications,16.416,746,68963,91058,True
1996-1073,Energies,4.551,226,30510,63517,True
1999-4907,Forests,3.323,115,6880,16275,False
1988-7833,Contribuciones a las Ciencias Sociales,0.126,11,14,12570,False
1939-1404,IEEE Journal of Selected Topics in Applied Earth Observations and Remote Sensing,4.541,163,5704,12264,True
2151-1535,IEEE Journal of Selected Topics in Applied Earth Observations and Remote Sensing,4.541,163,5704,12264,True
1991-637X,African Journal of Agricultural Research,19.467,77,2143,6631,False
1981-982X,Revista de Gestão Social e Ambiental,0.813,22,128,5203,False
1988-5245,DELOS Desarrollo Local Sostenible,0.108,6,2,4667,False
1991-959X,Geoscientific model development,4.283,202,2624,4143,True
1991-9603,Geoscientific model development,4.283,202,2624,4143,True
1994-0416,The cryosphere,3.875,161,2426,3475,True
1994-0424,The cryosphere,3.875,161,2426,3475,True
1984-2295,Revista Brasileira de Geografia Física,0.434,18,103,3163,False
1934-6344,International journal of agricultural and biological engineering,1.283,56,800,2909,True
1934-6352,International journal of agricultural and biological engineering,1.283,56,800,2909,True
1942-2466,Journal of Advances in Modeling Earth Systems,4.187,152,1637,2819,True
1936-0584,Ecohydrology,2.03,92,1170,2181,False
1936-0592,Ecohydrology,2.03,92,1170,2181,False
1997-3217,Proceedings of the Karelian Research Centre of the Russian Academy of Sciences,0.115,14,36,2020,True
2312-4504,Proceedings of the Karelian Research Centre of the Russian Academy of Sciences,0.115,14,36,2020,True
2040-2244,Journal of Water and Climate Change,4.354,57,862,1991,True
2408-9354,Journal of Water and Climate Change,4.354,57,862,1991,True
1947-3931,Engineering,0.905,39,342,1627,False
1947-394X,Engineering,0.905,39,342,1627,False
1945-3094,Journal of Water Resource and Protection,0.941,56,581,1562,False
1945-3108,Journal of Water Resource and Protection,0.941,56,581,1562,False
1997-6011,Prirodoobustrojstvo,0.118,7,1,1538,False
1996-0786,African Journal of Environmental Science and Technology,16.821,51,485,1143,False
2042-7808,International Journal of Hydrology Science and Technology,0.286,24,90,901,False
2042-7816,International Journal of Hydrology Science and Technology,0.286,24,90,901,False
1982-7679,Revista Brasileira de Agricultura Irrigada,3.05,15,47,896,False
2007-3380,Revista Bio Ciencias,0.215,10,13,834,True
1936-7031,Journal of Contemporary Water Research & Education,1.059,38,176,560,False
1936-704X,Journal of Contemporary Water Research & Education,1.059,38,176,560,False
1999-7361,Journal of Environmental Science and Natural Resources,0.6,27,117,526,False
2408-8633,Journal of Environmental Science and Natural Resources,0.6,27,117,526,False
1994-7801,Iraqi Journal of Desert Studies,0.0,6,2,241,False
2664-9454,Iraqi Journal of Desert Studies,0.0,6,2,241,False
1996-3041,Climatologie,0.0,12,16,138,False
2413-5380,Climatologie,0.0,12,16,138,False
2008-5966,Journal of Remote Sensing and Gis,0.0,3,0,131,False
2588-6185,Journal of Remote Sensing and Gis,0.0,3,0,131,False
2038-5625,Italian Journal of Agrometeorology,1.024,8,6,74,False
3103-1722,Italian Journal of Agrometeorology,1.024,8,6,74,False
2071-1050,Sustainability,5.05,297,56114,107723,False
2076-3417,Applied Sciences,3.568,223,30941,90788,True
2072-4292,Remote Sensing,4.544,271,24233,42638,True
2073-4441,Water,3.987,170,15067,32180,False
2073-4395,Agronomy,4.594,166,8874,19863,True
2077-0472,Agriculture,4.455,126,5169,13783,True
2073-4433,Atmosphere,3.188,107,5053,12731,True
2052-4463,Scientific Data,5.37,210,3537,8682,True
2090-9063,Journal of Chemistry,2.949,106,2635,5737,True
2090-9071,Journal of Chemistry,2.949,106,2635,5737,True
2076-3263,Geosciences,2.312,80,1830,4388,True
2148-127X,Turkish Journal of Agriculture - Food Science and Technology,0.549,31,265,4007,True
2088-5334,International Journal on Advanced Science Engineering and Information Technology,1.133,48,623,3755,False
2460-6952,International Journal on Advanced Science Engineering and Information Technology,1.133,48,623,3755,False
2151-0032,Transactions of the ASABE,0.0,92,1689,3176,False
2151-0040,Transactions of the ASABE,0.0,92,1689,3176,False
2090-3685,Journal of Soil Sciences and Agricultural Engineering /Journal of Soil Sciences and Agricultural Engineering,0.473,16,65,2252,True
2090-3766,Journal of Soil Sciences and Agricultural Engineering /Journal of Soil Sciences and Agricultural Engineering,0.473,16,65,2252,True
2096-6237,Zhongguo shengtai nongye xuebao,0.0,15,25,2225,True
2095-5421,The Crop Journal,5.904,88,964,1615,True
2214-5141,The Crop Journal,5.904,88,964,1615,True
2066-1843,Research Journal of Agricultural Science,0.781,16,40,1531,False
2668-926X,Research Journal of Agricultural Science,0.781,16,40,1531,False
2157-7617,Journal of Earth Science & Climatic Change,0.0,32,153,1194,False
2096-2223,China Scientific Data,0.449,14,30,1117,True
2161-7570,Open Journal of Geology,0.793,25,141,971,False
2161-7589,Open Journal of Geology,0.793,25,141,971,False
2097-1311,Ecological Processes,5.077,68,440,760,True
2192-1709,Ecological Processes,5.077,68,440,760,True
2151-1950,Journal of Geographic Information System,0.868,37,224,706,False
2151-1969,Journal of Geographic Information System,0.868,37,224,706,False
2147-5520,New Trends in Mathematical Science,0.0,17,34,703,False
2158-706X,Natural Resources,0.3,32,157,700,False
2158-7086,Natural Resources,0.3,32,157,700,False
2097-0374,Plant Phenomics,6.939,50,255,516,True
2643-6515,Plant Phenomics,6.939,50,255,516,True
2054-5819,International Journal of Sustainable Agricultural Management and Informatics,0.703,12,22,480,False
2054-5827,International Journal of Sustainable Agricultural Management and Informatics,0.703,12,22,480,False
2141-6613,International Journal of Water Resources and Environmental Engineering,13.0,27,105,368,False
2097-096X,Journal of China Institute of Water Resources and Hydropower Research,0.0,6,2,359,False
2096-4471,Big Earth Data,2.699,38,133,350,True
2574-5417,Big Earth Data,2.699,38,133,350,True
2158-8104,American Journal of Agricultural Science Engineering and Technology,0.8,5,2,229,False
2164-0920,American Journal of Agricultural Science Engineering and Technology,0.8,5,2,229,False
2155-1839,Taylor & Francis series in remote sensing applications,0.0,15,28,205,False
2380-2375,Taylor & Francis series in remote sensing applications,0.0,15,28,205,False
2085-0085,Jurnal Manajemen dan Kewirausahaan,0.391,3,0,110,False
2685-5151,Jurnal Manajemen dan Kewirausahaan,0.391,3,0,110,False
2223-7747,Plants,4.593,169,10199,23126,True
2169-9275,Journal of Geophysical Research Oceans,2.753,138,4610,7078,False
2169-9291,Journal of Geophysical Research Oceans,2.753,138,4610,7078,False
2220-6655,International Journal of Biosciences (IJB),0.104,31,234,5743,False
2222-5234,International Journal of Biosciences (IJB),0.104,31,234,5743,False
2214-5818,Journal of Hydrology Regional Studies,2.858,81,1247,3751,True
2226-1184,Russian Journal of Agricultural and Socio-Economic Sciences,8.68,28,160,3073,True
2190-5487,Applied Water Science,6.517,129,1798,2867,True
2190-5495,Applied Water Science,6.517,129,1798,2867,True
2226-0099,Taurian Scientific Herald,0.21,9,9,2183,False
2664-6102,Taurian Scientific Herald,0.21,9,9,2183,False
2229-838X,International Journal of Integrated Engineering,0.478,27,197,2097,False
2600-7916,International Journal of Integrated Engineering,0.478,27,197,2097,False
2225-1154,Climate,3.922,76,905,1921,False
2224-3208,Journal of Biology Agriculture and Healthcare,0.139,23,168,1810,False
2225-093X,Journal of Biology Agriculture and Healthcare,0.139,23,168,1810,False
2165-3917,Open Journal of Applied Sciences,0.664,27,146,1774,False
2165-3925,Open Journal of Applied Sciences,0.664,27,146,1774,False
2168-6831,IEEE Geoscience and Remote Sensing Magazine,5.944,83,263,1325,False
2373-7468,IEEE Geoscience and Remote Sensing Magazine,5.944,83,263,1325,False
2473-2397,IEEE Geoscience and Remote Sensing Magazine,5.944,83,263,1325,False
2229-3744,International Journal of Farm Sciences,0.128,13,33,1205,False
2250-0499,International Journal of Farm Sciences,0.128,13,33,1205,False
2166-5982,Journal of Water Resources Research,0.114,9,7,1155,False
2166-6024,Journal of Water Resources Research,0.114,9,7,1155,False
2224-3216,Journal of environment and earth science,0.085,27,127,1153,False
2199-8981,Proceedings of the International Association of Hydrological Sciences,2.387,31,230,1123,True
2199-899X,Proceedings of the International Association of Hydrological Sciences,2.387,31,230,1123,True
2168-5762,Geographical Science Research,0.048,4,0,724,False
2168-5770,Geographical Science Research,0.048,4,0,724,False
2199-9155,Environmental earth sciences,0.761,13,19,423,False
2199-9163,Environmental earth sciences,0.761,13,19,423,False
2228-7736,Journal of Applied researches in Geographical Sciences,0.0,5,1,401,True
2588-5138,Journal of Applied researches in Geographical Sciences,0.0,5,1,401,True
2165-882X,International Journal of Agriculture and Forestry,0.0,24,71,376,False
2165-8846,International Journal of Agriculture and Forestry,0.0,24,71,376,False
2214-241X,Aquatic Procedia,0.0,47,197,330,False
2225-8531,South African Journal of Geomatics,0.8,19,64,317,False
2206-5865,Journal of Southern Hemisphere Earth System Science,1.725,24,68,290,True
2169-267X,Advances in Remote Sensing,0.391,31,90,225,False
2169-2688,Advances in Remote Sensing,0.391,31,90,225,False
2168-9768,Irrigation & Drainage Systems Engineering,0.0,16,36,212,False
2163-2774,Advances in agricultural systems modeling,0.0,22,52,150,False
2163-2790,Advances in agricultural systems modeling,0.0,22,52,150,False
2226-4353,International Journal of Remote Sensing Application,0.0,15,27,80,False
2226-4361,International Journal of Remote Sensing Application,0.0,15,27,80,False
2226-6429,Journal of Natural and Applied Sciences,0.167,4,1,68,False
2220-7643,Ethiopian Journal of Water Science and Technology,1.2,4,2,58,False
2228-5784,Water Engineering   مهندسی آب,0.0,0,0,18,False
2321-9653,International Journal for Research in Applied Science and Engineering Technology,0.255,41,472,41085,False
2319-7692,International Journal of Current Microbiology and Applied Sciences,3.823,56,1826,24071,False
2319-7706,International Journal of Current Microbiology and Applied Sciences,3.823,56,1826,24071,False
2278-4136,Journal of Pharmacognosy and Phytochemistry,0.346,60,904,15028,False
2349-8234,Journal of Pharmacognosy and Phytochemistry,0.346,60,904,15028,False
2278-3075,International Journal of Innovative Technology and Exploring Engineering,0.571,42,582,11607,False
2321-4902,International Journal of Chemical Studies,0.088,34,273,10239,False
2349-8528,International Journal of Chemical Studies,0.088,34,273,10239,False
2296-6463,Frontiers in Earth Science,2.222,101,3135,9335,True
2296-665X,Frontiers in Environmental Science,4.492,128,3703,8317,True
2249-8958,International Journal of Engineering and Advanced Technology,0.709,36,422,7414,False
2311-7524,Horticulturae,3.502,75,2182,7325,True
2319-1163,International Journal of Research in Engineering and Technology,0.0,43,518,6058,False
2321-7308,International Journal of Research in Engineering and Technology,0.0,43,518,6058,False
2320-7035,International Journal of Plant & Soil Science,0.625,30,226,6027,False
2319-8753,International Journal of Innovative Research in Science Engineering and Technology,0.5,40,331,4925,False
2347-6710,International Journal of Innovative Research in Science Engineering and Technology,0.5,40,331,4925,False
2328-031X,Scientific investigations report,0.914,68,1220,4844,False
2328-0328,Scientific investigations report,0.914,68,1220,4844,False
2332-5607,Scientific investigations report,0.914,68,1220,4844,False
2320-0227,Journal of Scientific Research and Reports,0.638,33,225,4138,False
2278-1021,IJARCCE,0.306,30,155,4069,False
2319-5940,IJARCCE,0.306,30,155,4069,False
2313-433X,Journal of Imaging,3.837,73,862,2521,True
2328-4277,Earth s Future,7.289,131,1319,2417,True
2321-0613,IJSRD : international journal for scientific research and development,0.0,16,32,2154,False
2327-4336,Journal of Geoscience and Environment Protection,0.662,34,277,2118,False
2327-4344,Journal of Geoscience and Environment Protection,0.662,34,277,2118,False
2306-5338,Hydrology,2.849,59,648,1801,True
2319-6432,Journal of Krishi Vigyan,0.096,13,22,1504,False
2349-4433,Journal of Krishi Vigyan,0.096,13,22,1504,False
2305-6622,International Journal of Agriculture and Biosciences,1.067,19,56,1211,False
2306-3599,International Journal of Agriculture and Biosciences,1.067,19,56,1211,False
2250-0057,International Journal of Agricultural Science and Research,0.0,17,55,1024,False
2321-0087,International Journal of Agricultural Science and Research,0.0,17,55,1024,False
2292-6062,Journal of Water Management Modeling,1.2,21,109,736,False
2327-5715,Advances in geospatial technologies book series,1.144,16,38,492,False
2327-5723,Advances in geospatial technologies book series,1.144,16,38,492,False
2249-4065,Journal of Cereal Research,0.259,16,40,482,False
2456-9453,Journal of Cereal Research,0.259,16,40,482,False
2582-2675,Journal of Cereal Research,0.259,16,40,482,False
2237-2202,Journal of Hyperspectral Remote Sensing,0.073,11,14,393,False
2310-9440,Applied Science Reports,0.0,10,14,361,False
2311-0139,Applied Science Reports,0.0,10,14,361,False
2251-6174,Journal of watershed management research,0.0,8,4,340,True
2676-4636,Journal of watershed management research,0.0,8,4,340,True
2328-7047,Techniques and methods,2.385,64,175,316,False
2328-7055,Techniques and methods,2.385,64,175,316,False
2230-9705,Journal of Agriculture Research and Technology,0.102,5,2,316,False
2320-0243,International Journal of Advanced Remote Sensing and GIS,0.0,19,57,297,False
2301-8119,Jurnal Ilmiah Rekayasa Pertanian dan Biosistem,0.34,10,11,239,True
2443-1354,Jurnal Ilmiah Rekayasa Pertanian dan Biosistem,0.34,10,11,239,True
2328-2193,Journal of Geological Resource and Engineering,9.0,9,9,216,False
2328-7969,Journal of Water Resources and Ocean Science,0.585,13,20,192,False
2328-7993,Journal of Water Resources and Ocean Science,0.585,13,20,192,False
2302-3449,JMB Jurnal Manajemen dan Bisnis,0.147,8,6,166,False
2580-9490,JMB Jurnal Manajemen dan Bisnis,0.147,8,6,166,False
2249-3212,International Journal Of Data Mining And Emerging Technologies,0.0,6,4,110,False
2249-3220,International Journal Of Data Mining And Emerging Technologies,0.0,6,4,110,False
2306-6148,The International Journal of Biotechnology,0.0,7,7,79,False
2306-9864,The International Journal of Biotechnology,0.0,7,7,79,False
2313-8173,Asian Review of Environmental and Earth Sciences,0.25,7,4,65,False
2518-0134,Asian Review of Environmental and Earth Sciences,0.25,7,4,65,False
2405-8440,Heliyon,8.367,184,19113,45559,True
2340-1079,INTED proceedings,0.171,26,143,15720,False
2340-1087,INTED proceedings,0.171,26,143,15720,False
2394-5869,International journal of applied research,0.052,32,169,9418,False
2394-7500,International journal of applied research,0.052,32,169,9418,False
2348-1900,Plant Science Today,0.317,28,152,4665,False
2457-0591,Journal of Experimental Agriculture International,0.683,19,98,3601,False
2468-2276,Scientific African,2.862,73,1135,3378,True
2457-1024,Current Journal of Applied Science and Technology,0.571,24,159,2905,False
2333-5084,Earth and Space Science,2.849,74,942,2534,True
2352-7110,SoftwareX,1.986,68,543,2460,True
2331-1932,Cogent Food & Agriculture,3.05,69,803,2298,True
2352-9385,Remote Sensing Applications Society and Environment,2.785,76,834,2153,False
2460-5891,JEMSI (Jurnal Ekonomi Manajemen dan Akuntansi),0.267,11,14,1584,False
2579-5635,JEMSI (Jurnal Ekonomi Manajemen dan Akuntansi),0.267,11,14,1584,False
2391-5447,Open Geosciences,1.961,48,466,1486,True
2397-3722,npj Climate and Atmospheric Science,7.949,89,713,1478,True
2395-1435,Agricultural Research Journal,0.244,16,33,1452,False
2395-146X,Agricultural Research Journal,0.244,16,33,1452,False
2456-3358,Engineering and Technology Journal,0.318,10,10,1402,False
2391-5439,Open Engineering,2.662,45,357,1288,True
2352-0698,Springer climate,0.794,29,126,859,False
2352-0701,Springer climate,0.794,29,126,859,False
2394-1073,Journal of Agriculture and Ecology Research International,0.49,16,60,775,False
2338-8439,Jurnal Keteknikan Pertanian,0.325,10,11,685,False
2407-0475,Jurnal Keteknikan Pertanian,0.325,10,11,685,False
2405-8807,Climate Services,4.861,57,296,638,True
2338-4530,Prisma Sains Jurnal Pengkajian Ilmu dan Pembelajaran Matematika dan IPA IKIP Mataram,0.329,15,32,597,True
2540-7899,Prisma Sains Jurnal Pengkajian Ilmu dan Pembelajaran Matematika dan IPA IKIP Mataram,0.329,15,32,597,True
2364-5687,Water Conservation Science and Engineering,4.128,31,139,542,False
2366-3340,Water Conservation Science and Engineering,4.128,31,139,542,False
2348-8808,Journal of AgriSearch,0.0,15,28,536,False
2348-8867,Journal of AgriSearch,0.0,15,28,536,False
2364-6454,Springer hydrogeology,1.0,22,58,407,False
2364-6462,Springer hydrogeology,1.0,22,58,407,False
2461-0666,JURNAL SOSIAL EKONOMI DAN HUMANIORA,0.224,8,7,381,False
2461-0720,JURNAL SOSIAL EKONOMI DAN HUMANIORA,0.224,8,7,381,False
2377-8083,Trends journal of sciences research,0.483,12,16,371,False
2377-8091,Trends journal of sciences research,0.483,12,16,371,False
2355-0295,Jurnal Ecodemica Jurnal Ekonomi Manajemen dan Bisnis,0.147,21,48,316,False
2528-2255,Jurnal Ecodemica Jurnal Ekonomi Manajemen dan Bisnis,0.147,21,48,316,False
2549-8932,Jurnal Ecodemica Jurnal Ekonomi Manajemen dan Bisnis,0.147,21,48,316,False
2474-8846,Open Access Journal of Agricultural Research,0.444,10,11,303,False
2443-3756,ATRABIS Jurnal Administrasi Bisnis (e-Journal),0.101,8,7,256,False
2333-4797,American journal of water resources,0.5,16,43,232,False
2333-4819,American journal of water resources,0.5,16,43,232,False
2348-1854,Scholars Journal of Agriculture and Veterinary Sciences,1.133,8,6,202,False
2348-8883,Scholars Journal of Agriculture and Veterinary Sciences,1.133,8,6,202,False
2355-3197,Al-KALAM JURNAL KOMUNIKASI BISNIS DAN MANAJEMEN,0.299,10,10,194,False
2355-3804,Al-KALAM JURNAL KOMUNIKASI BISNIS DAN MANAJEMEN,0.299,10,10,194,False
2455-9377,Journal of Aridland Agriculture,0.683,10,10,106,False
2334-4954,Journal of South Carolina water resources,0.909,8,5,86,False
2334-4962,Journal of South Carolina water resources,0.909,8,5,86,False
2614-8854,JIIP - Jurnal Ilmiah Ilmu Pendidikan,0.257,25,117,6956,False
2618-060X,International Journal of Research in Agronomy,0.152,9,9,6599,False
2618-0618,International Journal of Research in Agronomy,0.152,9,9,6599,False
2581-8627,International Journal of Environment and Climate Change,1.026,25,154,5258,False
2475-9066,The Journal of Open Source Software,3.006,135,1022,3639,True
2515-7620,Environmental Research Communications,2.277,45,477,2157,True
2524-4957,KN - Journal of Cartography and Geographic Information,1.391,27,81,1794,False
2524-4965,KN - Journal of Cartography and Geographic Information,1.391,27,81,1794,False
2509-9426,Earth Systems and Environment,3.774,59,384,1294,False
2509-9434,Earth Systems and Environment,3.774,59,384,1294,False
2509-0119,International Journal of Progressive Sciences and Technologies,0.119,10,10,1055,False
2615-3009,SCIENTIFIC JOURNAL OF REFLECTION Economic Accounting Management and Business,0.207,15,28,940,False
2621-3389,SCIENTIFIC JOURNAL OF REFLECTION Economic Accounting Management and Business,0.207,15,28,940,False
2476-3594,Journal of Water and Soil Science,0.056,9,5,939,True
2476-5554,Journal of Water and Soil Science,0.056,9,5,939,True
2582-2845,Indian Journal of Pure & Applied Biosciences,0.444,16,30,881,False
2579-0617,FUOYE Journal of Engineering and Technology,0.328,13,20,710,False
2579-0625,FUOYE Journal of Engineering and Technology,0.328,13,20,710,False
2581-365X,Acta Scientific Agriculture,0.457,16,40,681,False
2599-2570,Caraka Tani Journal of Sustainable Agriculture,1.227,19,65,545,True
2613-9456,Caraka Tani Journal of Sustainable Agriculture,1.227,19,65,545,True
2474-9508,Geology Ecology and Landscapes,6.638,43,230,413,True
2614-0462,INOBIS Jurnal Inovasi Bisnis dan Manajemen Indonesia,0.354,16,42,349,False
2614-851X,YUME : Journal of Management,0.0,11,14,341,False
2490-3434,AGROFOR,0.0,12,19,322,False
2490-3442,AGROFOR,0.0,12,19,322,False
2582-2985,Asian Journal of Geographical Research,0.673,9,9,319,False
2523-3718,Southern space studies,0.258,4,0,283,False
2523-3726,Southern space studies,0.258,4,0,283,False
2580-2127,Dynamic Management Journal,0.198,10,10,275,False
2616-5562,Міжвідомчий тематичний науковий збірник Меліорація і водне господарство,0.377,7,4,254,True
2616-5643,Міжвідомчий тематичний науковий збірник Меліорація і водне господарство,0.377,7,4,254,True
2615-6849,JURNAL SeMaRaK,0.0,12,14,237,False
2622-3686,JURNAL SeMaRaK,0.0,12,14,237,False
2524-5155,Innovations in landscape research,0.149,13,18,225,False
2524-5163,Innovations in landscape research,0.149,13,18,225,False
2579-9665,Progressa Journal of Islamic Religious Instruction,0.264,6,4,225,False
2579-9673,Progressa Journal of Islamic Religious Instruction,0.264,6,4,225,False
2521-3717,Proceeding International Conference on Science and Engineering,0.0,5,2,224,False
2516-1962,International Journal of Agriculture Innovation Technology and Globalisation,0.101,4,1,196,False
2516-1970,International Journal of Agriculture Innovation Technology and Globalisation,0.101,4,1,196,False
2575-3061,International Journal of Natural Resource Ecology and Management,0.182,11,13,188,False
2575-3088,International Journal of Natural Resource Ecology and Management,0.182,11,13,188,False
2577-8307,Forestry Research and Engineering International Journal,0.286,10,11,146,False
2581-0219,Ihtiyath Jurnal Manajemen Keuangan Syariah,0.116,9,7,145,False
2597-4432,Ihtiyath Jurnal Manajemen Keuangan Syariah,0.116,9,7,145,False
2476-8782,Bisma: Jurnal Manajemen/Bisma,0.303,7,5,121,False
2714-6782,Bisma: Jurnal Manajemen/Bisma,0.303,7,5,121,False
2582-6298,Journal of Water Engineering and Management,0.061,5,1,102,False
2503-1546,EQUILIBIRIA Jurnal Fakultas Ekonomi,0.0,3,0,72,False
2986-2248,EQUILIBIRIA Jurnal Fakultas Ekonomi,0.0,3,0,72,False
2528-231X,Jurnal Ekonomi Manajemen dan Sekretari,0.364,2,0,64,False
2776-4672,Jurnal Ekonomi Manajemen dan Sekretari,0.364,2,0,64,False
2522-8242,Ecohydrology,0.0,9,9,57,False
2522-8250,Ecohydrology,0.0,9,9,57,False
2663-3027,Socio-Environmental Systems Modeling,0.027,150,3786,218500,False
2618-0723,International Journal of Agriculture Extension and Social Development,0.086,6,1,4261,False
2618-0731,International Journal of Agriculture Extension and Social Development,0.086,6,1,4261,False
2772-3755,Smart Agricultural Technology,4.704,61,496,2399,True
2667-0100,Environmental Challenges,4.968,70,721,1604,True
2624-7402,AgriEngineering,3.374,39,253,1390,True
2624-9375,Frontiers in Water,3.876,50,428,1244,True
2624-9553,Frontiers in Climate,4.119,56,428,1215,True
2639-6696,Agrosystems Geosciences & Environment,1.966,27,177,1082,True
2673-3218,Frontiers in Agronomy,3.119,47,241,965,True
2624-909X,Frontiers in Big Data,6.133,49,265,762,True
2731-9598,Discover Agriculture,3.795,23,60,668,True
2673-6187,Frontiers in Remote Sensing,3.277,35,154,559,True
2673-4834,Earth,2.472,31,112,525,True
2618-6578,Black Sea Journal of Agriculture,0.616,9,8,497,False
2712-9357,Land Reclamation and Hydraulic Engineering,0.151,4,0,493,True
2666-0172,Science of Remote Sensing,3.654,34,119,468,True
2774-888X,AKADEMIK Jurnal Mahasiswa Ekonomi & Bisnis,0.281,9,7,440,False
2774-8863,AKADEMIK Jurnal Mahasiswa Humanis,0.317,9,6,416,False
2709-8028,AQUA - Water Infrastructure Ecosystems and Society,3.762,19,71,374,False
2709-8036,AQUA - Water Infrastructure Ecosystems and Society,3.762,19,71,374,False
2769-7525,Artificial Intelligence for the Earth Systems,2.667,23,54,326,False
2663-3582,International Journal of Engineering in Computer Science,0.081,6,3,320,False
2663-3590,International Journal of Engineering in Computer Science,0.081,6,3,320,False
2636-6045,FUTA JOURNAL OF ENGINEERING AND ENGINEERING TECHNOLOGY,0.009,5,0,306,False
2664-6536,International Journal of Bioscience and Biochemistry,0.115,2,1,273,False
2664-6544,International Journal of Bioscience and Biochemistry,0.115,2,1,273,False
2756-3928,Nigerian Journal of Pure and Applied Sciences,0.111,5,2,251,False
2756-4045,Nigerian Journal of Pure and Applied Sciences,0.111,5,2,251,False
2784-0360,Journal of Applied Life Sciences and Environment,0.391,6,0,241,True
2784-0379,Journal of Applied Life Sciences and Environment,0.391,6,0,241,True
2634-4602,Environmental Data Science,3.876,16,36,200,True
2717-7165,Turkish Journal of Remote Sensing and GIS,0.72,6,1,105,False
2722-9742,Jurnal Bisnis Manajemen dan Keuangan,0.667,6,2,104,False
2716-0238,EKOMABIS Jurnal Ekonomi Manajemen Bisnis,0.654,10,10,100,False
2633-4062,Ecofeminism and Climate Change,0.6,11,14,91,False
2633-4070,Ecofeminism and Climate Change,0.6,11,14,91,False
2775-2216,Jurnal Ekonomi Manajemen dan Bisnis,0.235,5,3,89,False
2722-2810,ADL ISLAMIC ECONOMIC Jurnal Kajian Ekonomi Islam,0.056,4,1,77,False
2723-1771,ADL ISLAMIC ECONOMIC Jurnal Kajian Ekonomi Islam,0.056,4,1,77,False
2723-0481,Yonetim Jurnal Manajemen Dakwah,0.167,4,1,58,True
2723-049X,Yonetim Jurnal Manajemen Dakwah,0.167,4,1,58,True
2716-5655,Big Data In Water Resources Engineering (BDWRE),0.583,6,4,45,False
2795-1758,Advances in Engineering and Technology An International Journal,0.0,4,1,33,False
2795-1766,Advances in Engineering and Technology An International Journal,0.0,4,1,33,False
2711-4627,ParadigmPlus,3.333,8,5,27,True
2963-914X,RIGGS Journal of Artificial Intelligence and Digital Business,0.094,6,2,6583,False
2963-9298,RIGGS Journal of Artificial Intelligence and Digital Business,0.094,6,2,6583,False
3004-9261,Discover Applied Sciences,3.846,35,380,3300,True
3050-4759,Next research.,1.362,16,51,2185,False
3063-8011,Jurnal Ragam Pengabdian,0.008,1,0,934,False
3063-802X,Jurnal Ragam Pengabdian,0.008,1,0,934,False
2809-4093,ARZUSIN,0.074,5,2,763,False
2809-4484,ARZUSIN,0.074,5,2,763,False
3031-8394,Jurnal Manajemen dan Pendidikan Agama Islam,0.444,5,2,482,False
3031-8416,Jurnal Manajemen dan Pendidikan Agama Islam,0.444,5,2,482,False
2993-5210,Journal of Geophysical Research Machine Learning and Computation,2.077,12,22,414,True
2987-2642,Journal Central Publisher,0.169,3,0,381,False
2809-2392,Jurnal Ilmiah Manajemen dan Kewirausahaan,0.095,5,2,293,False
2809-2406,Jurnal Ilmiah Manajemen dan Kewirausahaan,0.095,5,2,293,False
2798-1428,Nusantara Hasana Journal,0.585,5,3,221,False
3026-930X,Nile Journal of Engineering and Applied Science,0.222,4,1,179,False
2962-0996,Dikombis Jurnal Dinamika Ekonomi Manajemen dan Bisnis,0.034,2,0,146,False
2963-5586,Dikombis Jurnal Dinamika Ekonomi Manajemen dan Bisnis,0.034,2,0,146,False
2994-7200,Advances,0.933,10,10,74,False
2962-6145,JOURNAL EDUCATIONAL MANAGEMENT REVIEWS AND RESEARCH,0.029,2,1,64,False
2797-040X,JAMMIAH (Jurnal Ilmiah Mahasiswa Ekonomi Syariah),0.0,3,0,53,False
2797-197X,JAMMIAH (Jurnal Ilmiah Mahasiswa Ekonomi Syariah),0.0,3,0,53,False
3047-3179,Journal of Management Branding,0.096,1,0,52,False
2959-2194,Journal of public policy practitioners,0.238,2,0,45,False
2959-2208,Journal of public policy practitioners,0.238,2,0,45,False
2835-2351,Journal of Natural Resources and Agricultural Ecosystems,1.162,6,3,44,False
3083-3132,Hydrology and Water Resources,0.2,2,0,39,False
2987-2243,Indonesian Journal Of Economy Studies,0.125,1,0,38,False
3046-7012,Indonesian Journal of Aviation Science and Engineering,0.054,1,0,37,False
2828-9986,Journal of Statistics and Data Science,0.105,3,1,35,False
3070-6297,Research and Innovation,0.029,1,0,34,False
2988-3466,JURNAL EKONOMI AKUNTANSI MANAJEMEN AGRIBISNIS,0.2,1,0,30,False
2828-948X,International Applied Science,0.0,1,0,16,False
2961-3264,International Journal of Scholarly Research in Life Sciences,0.25,1,0,14,False
